[
  {
    "inputs": [
      {
        "internalType": "contract IERC20",
        "name": "_brews",
        "type": "address"
      },
      {
        "internalType": "address",
        "name": "_reflectionToken",
        "type": "address"
      },
      {
        "internalType": "uint256",
        "name": "_rewardPerBlock",
        "type": "uint256"
      },
      { "internalType": "bool", "name": "_hasDividend", "type": "bool" }
    ],
    "stateMutability": "nonpayable",
    "type": "constructor"
  },
  {
    "anonymous": false,
    "inputs": [
      {
        "indexed": true,
        "internalType": "address",
        "name": "user",
        "type": "address"
      },
      {
        "indexed": true,
        "internalType": "uint256",
        "name": "pid",
        "type": "uint256"
      },
      {
        "indexed": false,
        "internalType": "uint256",
        "name": "amount",
        "type": "uint256"
      }
    ],
    "name": "Deposit",
    "type": "event"
  },
  {
    "anonymous": false,
    "inputs": [
      {
        "indexed": true,
        "internalType": "address",
        "name": "user",
        "type": "address"
      },
      {
        "indexed": true,
        "internalType": "uint256",
        "name": "pid",
        "type": "uint256"
      },
      {
        "indexed": false,
        "internalType": "uint256",
        "name": "amount",
        "type": "uint256"
      }
    ],
    "name": "EmergencyWithdraw",
    "type": "event"
  },
  {
    "anonymous": false,
    "inputs": [
      {
        "indexed": true,
        "internalType": "address",
        "name": "previousOwner",
        "type": "address"
      },
      {
        "indexed": true,
        "internalType": "address",
        "name": "newOwner",
        "type": "address"
      }
    ],
    "name": "OwnershipTransferred",
    "type": "event"
  },
  {
    "anonymous": false,
    "inputs": [
      {
        "indexed": true,
        "internalType": "address",
        "name": "user",
        "type": "address"
      },
      {
        "indexed": false,
        "internalType": "address",
        "name": "newAddress",
        "type": "address"
      }
    ],
    "name": "SetBuyBackWallet",
    "type": "event"
  },
  {
    "anonymous": false,
    "inputs": [
      {
        "indexed": true,
        "internalType": "address",
        "name": "user",
        "type": "address"
      },
      {
        "indexed": true,
        "internalType": "address",
        "name": "newAddress",
        "type": "address"
      }
    ],
    "name": "SetFeeAddress",
    "type": "event"
  },
  {
    "anonymous": false,
    "inputs": [
      {
        "indexed": false,
        "internalType": "uint256",
        "name": "fee",
        "type": "uint256"
      }
    ],
    "name": "SetPerformanceFee",
    "type": "event"
  },
  {
    "anonymous": false,
    "inputs": [
      {
        "indexed": true,
        "internalType": "address",
        "name": "user",
        "type": "address"
      },
      {
        "indexed": false,
        "internalType": "uint256",
        "name": "rewardPerBlock",
        "type": "uint256"
      }
    ],
    "name": "UpdateEmissionRate",
    "type": "event"
  },
  {
    "anonymous": false,
    "inputs": [
      {
        "indexed": true,
        "internalType": "address",
        "name": "user",
        "type": "address"
      },
      {
        "indexed": true,
        "internalType": "uint256",
        "name": "pid",
        "type": "uint256"
      },
      {
        "indexed": false,
        "internalType": "uint256",
        "name": "amount",
        "type": "uint256"
      }
    ],
    "name": "Withdraw",
    "type": "event"
  },
  {
    "inputs": [],
    "name": "BONUS_MULTIPLIER",
    "outputs": [{ "internalType": "uint256", "name": "", "type": "uint256" }],
    "stateMutability": "view",
    "type": "function"
  },
  {
    "inputs": [],
    "name": "accReflectionPerPoint",
    "outputs": [{ "internalType": "uint256", "name": "", "type": "uint256" }],
    "stateMutability": "view",
    "type": "function"
  },
  {
    "inputs": [
      { "internalType": "uint256", "name": "_allocPoint", "type": "uint256" },
      {
        "internalType": "contract IERC20",
        "name": "_lpToken",
        "type": "address"
      },
      { "internalType": "uint16", "name": "_depositFee", "type": "uint16" },
      { "internalType": "uint16", "name": "_withdrawFee", "type": "uint16" },
      { "internalType": "uint256", "name": "_duration", "type": "uint256" },
      { "internalType": "bool", "name": "_withUpdate", "type": "bool" }
    ],
    "name": "add",
    "outputs": [],
    "stateMutability": "nonpayable",
    "type": "function"
  },
  {
    "inputs": [],
    "name": "availableDividendTokens",
    "outputs": [{ "internalType": "uint256", "name": "", "type": "uint256" }],
    "stateMutability": "view",
    "type": "function"
  },
  {
    "inputs": [],
    "name": "availableRewardTokens",
    "outputs": [{ "internalType": "uint256", "name": "", "type": "uint256" }],
    "stateMutability": "view",
    "type": "function"
  },
  {
    "inputs": [],
    "name": "brews",
    "outputs": [
      { "internalType": "contract IERC20", "name": "", "type": "address" }
    ],
    "stateMutability": "view",
    "type": "function"
  },
  {
    "inputs": [],
    "name": "buyBackWallet",
    "outputs": [{ "internalType": "address", "name": "", "type": "address" }],
    "stateMutability": "view",
    "type": "function"
  },
  {
    "inputs": [
      { "internalType": "uint256", "name": "_pid", "type": "uint256" }
    ],
    "name": "claimDividend",
    "outputs": [],
    "stateMutability": "payable",
    "type": "function"
  },
  {
    "inputs": [
      { "internalType": "uint256", "name": "_pid", "type": "uint256" }
    ],
    "name": "claimReward",
    "outputs": [],
    "stateMutability": "payable",
    "type": "function"
  },
  {
    "inputs": [
      { "internalType": "uint256", "name": "_pid", "type": "uint256" }
    ],
    "name": "compoundDividend",
    "outputs": [],
    "stateMutability": "payable",
    "type": "function"
  },
  {
    "inputs": [
      { "internalType": "uint256", "name": "_pid", "type": "uint256" }
    ],
    "name": "compoundReward",
    "outputs": [],
    "stateMutability": "payable",
    "type": "function"
  },
  {
    "inputs": [
      { "internalType": "uint256", "name": "_pid", "type": "uint256" },
      { "internalType": "uint256", "name": "_amount", "type": "uint256" }
    ],
    "name": "deposit",
    "outputs": [],
    "stateMutability": "payable",
    "type": "function"
  },
  {
    "inputs": [
      { "internalType": "uint256", "name": "_amount", "type": "uint256" }
    ],
    "name": "depositRewards",
    "outputs": [],
    "stateMutability": "nonpayable",
    "type": "function"
  },
  {
    "inputs": [
      { "internalType": "uint256", "name": "_pid", "type": "uint256" }
    ],
    "name": "emergencyWithdraw",
    "outputs": [],
    "stateMutability": "nonpayable",
    "type": "function"
  },
  {
    "inputs": [],
    "name": "emergencyWithdrawReflections",
    "outputs": [],
    "stateMutability": "nonpayable",
    "type": "function"
  },
  {
    "inputs": [
      { "internalType": "uint256", "name": "_amount", "type": "uint256" }
    ],
    "name": "emergencyWithdrawRewards",
    "outputs": [],
    "stateMutability": "nonpayable",
    "type": "function"
  },
  {
    "inputs": [],
    "name": "feeAddress",
    "outputs": [{ "internalType": "address", "name": "", "type": "address" }],
    "stateMutability": "view",
    "type": "function"
  },
  {
    "inputs": [
      { "internalType": "uint256", "name": "_from", "type": "uint256" },
      { "internalType": "uint256", "name": "_to", "type": "uint256" },
      { "internalType": "uint256", "name": "_endBlock", "type": "uint256" }
    ],
    "name": "getMultiplier",
    "outputs": [{ "internalType": "uint256", "name": "", "type": "uint256" }],
    "stateMutability": "pure",
    "type": "function"
  },
  {
    "inputs": [],
    "name": "hasDividend",
    "outputs": [{ "internalType": "bool", "name": "", "type": "bool" }],
    "stateMutability": "view",
    "type": "function"
  },
  {
    "inputs": [],
    "name": "massUpdatePools",
    "outputs": [],
    "stateMutability": "nonpayable",
    "type": "function"
  },
  {
    "inputs": [],
    "name": "owner",
    "outputs": [{ "internalType": "address", "name": "", "type": "address" }],
    "stateMutability": "view",
    "type": "function"
  },
  {
    "inputs": [
      { "internalType": "uint256", "name": "_pid", "type": "uint256" },
      { "internalType": "address", "name": "_user", "type": "address" }
    ],
    "name": "pendingReflections",
    "outputs": [{ "internalType": "uint256", "name": "", "type": "uint256" }],
    "stateMutability": "view",
    "type": "function"
  },
  {
    "inputs": [
      { "internalType": "uint256", "name": "_pid", "type": "uint256" },
      { "internalType": "address", "name": "_user", "type": "address" }
    ],
    "name": "pendingRewards",
    "outputs": [{ "internalType": "uint256", "name": "", "type": "uint256" }],
    "stateMutability": "view",
    "type": "function"
  },
  {
    "inputs": [],
    "name": "performanceFee",
    "outputs": [{ "internalType": "uint256", "name": "", "type": "uint256" }],
    "stateMutability": "view",
    "type": "function"
  },
  {
    "inputs": [
      { "internalType": "contract IERC20", "name": "", "type": "address" }
    ],
    "name": "poolExistence",
    "outputs": [{ "internalType": "bool", "name": "", "type": "bool" }],
    "stateMutability": "view",
    "type": "function"
  },
  {
    "inputs": [{ "internalType": "uint256", "name": "", "type": "uint256" }],
    "name": "poolInfo",
    "outputs": [
      {
        "internalType": "contract IERC20",
        "name": "lpToken",
        "type": "address"
      },
      { "internalType": "uint256", "name": "allocPoint", "type": "uint256" },
      { "internalType": "uint256", "name": "duration", "type": "uint256" },
      { "internalType": "uint256", "name": "startBlock", "type": "uint256" },
      { "internalType": "uint256", "name": "bonusEndBlock", "type": "uint256" },
      {
        "internalType": "uint256",
        "name": "lastRewardBlock",
        "type": "uint256"
      },
      {
        "internalType": "uint256",
        "name": "accTokenPerShare",
        "type": "uint256"
      },
      {
        "internalType": "uint256",
        "name": "accReflectionPerShare",
        "type": "uint256"
      },
      {
        "internalType": "uint256",
        "name": "lastReflectionPerPoint",
        "type": "uint256"
      },
      { "internalType": "uint16", "name": "depositFee", "type": "uint16" },
      { "internalType": "uint16", "name": "withdrawFee", "type": "uint16" }
    ],
    "stateMutability": "view",
    "type": "function"
  },
  {
    "inputs": [],
    "name": "poolLength",
    "outputs": [{ "internalType": "uint256", "name": "", "type": "uint256" }],
    "stateMutability": "view",
    "type": "function"
  },
  {
    "inputs": [
      { "internalType": "address", "name": "_token", "type": "address" }
    ],
    "name": "recoverWrongToken",
    "outputs": [],
    "stateMutability": "nonpayable",
    "type": "function"
  },
  {
    "inputs": [],
    "name": "reflectionToken",
    "outputs": [{ "internalType": "address", "name": "", "type": "address" }],
    "stateMutability": "view",
    "type": "function"
  },
  {
    "inputs": [],
    "name": "renounceOwnership",
    "outputs": [],
    "stateMutability": "nonpayable",
    "type": "function"
  },
  {
    "inputs": [],
    "name": "rewardPerBlock",
    "outputs": [{ "internalType": "uint256", "name": "", "type": "uint256" }],
    "stateMutability": "view",
    "type": "function"
  },
  {
    "inputs": [
      { "internalType": "uint256", "name": "_pid", "type": "uint256" },
      { "internalType": "uint256", "name": "_allocPoint", "type": "uint256" },
      { "internalType": "uint16", "name": "_depositFee", "type": "uint16" },
      { "internalType": "uint16", "name": "_withdrawFee", "type": "uint16" },
      { "internalType": "uint256", "name": "_duration", "type": "uint256" },
      { "internalType": "bool", "name": "_withUpdate", "type": "bool" }
    ],
    "name": "set",
    "outputs": [],
    "stateMutability": "nonpayable",
    "type": "function"
  },
  {
    "inputs": [
      { "internalType": "address", "name": "_addr", "type": "address" }
    ],
    "name": "setBuyBackWallet",
    "outputs": [],
    "stateMutability": "nonpayable",
    "type": "function"
  },
  {
    "inputs": [
      { "internalType": "address", "name": "_feeAddress", "type": "address" }
    ],
    "name": "setFeeAddress",
    "outputs": [],
    "stateMutability": "nonpayable",
    "type": "function"
  },
  {
    "inputs": [
      { "internalType": "uint256", "name": "_fee", "type": "uint256" }
    ],
    "name": "setPerformanceFee",
    "outputs": [],
    "stateMutability": "nonpayable",
    "type": "function"
  },
  {
    "inputs": [
      { "internalType": "uint256", "name": "_pid", "type": "uint256" },
      { "internalType": "address", "name": "_uniRouter", "type": "address" },
      {
        "internalType": "address[]",
        "name": "_earnedToToken0",
        "type": "address[]"
      },
      {
        "internalType": "address[]",
        "name": "_earnedToToken1",
        "type": "address[]"
      },
      {
        "internalType": "address[]",
        "name": "_reflectionToToken0",
        "type": "address[]"
      },
      {
        "internalType": "address[]",
        "name": "_reflectionToToken1",
        "type": "address[]"
      },
      { "internalType": "bool", "name": "_enabled", "type": "bool" }
    ],
    "name": "setSwapSetting",
    "outputs": [],
    "stateMutability": "nonpayable",
    "type": "function"
  },
  {
    "inputs": [],
    "name": "startBlock",
    "outputs": [{ "internalType": "uint256", "name": "", "type": "uint256" }],
    "stateMutability": "view",
    "type": "function"
  },
  {
    "inputs": [{ "internalType": "uint256", "name": "", "type": "uint256" }],
    "name": "swapSettings",
    "outputs": [
      {
        "internalType": "contract IERC20",
        "name": "lpToken",
        "type": "address"
      },
      { "internalType": "address", "name": "swapRouter", "type": "address" },
      { "internalType": "bool", "name": "enabled", "type": "bool" }
    ],
    "stateMutability": "view",
    "type": "function"
  },
  {
    "inputs": [],
    "name": "totalAllocPoint",
    "outputs": [{ "internalType": "uint256", "name": "", "type": "uint256" }],
    "stateMutability": "view",
    "type": "function"
  },
  {
    "inputs": [{ "internalType": "uint256", "name": "", "type": "uint256" }],
    "name": "totalStaked",
    "outputs": [{ "internalType": "uint256", "name": "", "type": "uint256" }],
    "stateMutability": "view",
    "type": "function"
  },
  {
    "inputs": [
      { "internalType": "address", "name": "newOwner", "type": "address" }
    ],
    "name": "transferOwnership",
    "outputs": [],
    "stateMutability": "nonpayable",
    "type": "function"
  },
  {
    "inputs": [
      {
        "internalType": "uint256",
        "name": "_rewardPerBlock",
        "type": "uint256"
      }
    ],
    "name": "updateEmissionRate",
    "outputs": [],
    "stateMutability": "nonpayable",
    "type": "function"
  },
  {
    "inputs": [
      { "internalType": "uint256", "name": "_pid", "type": "uint256" }
    ],
    "name": "updatePool",
    "outputs": [],
    "stateMutability": "nonpayable",
    "type": "function"
  },
  {
    "inputs": [
      { "internalType": "uint256", "name": "_startBlock", "type": "uint256" }
    ],
    "name": "updateStartBlock",
    "outputs": [],
    "stateMutability": "nonpayable",
    "type": "function"
  },
  {
    "inputs": [
      { "internalType": "uint256", "name": "", "type": "uint256" },
      { "internalType": "address", "name": "", "type": "address" }
    ],
    "name": "userInfo",
    "outputs": [
      { "internalType": "uint256", "name": "amount", "type": "uint256" },
      { "internalType": "uint256", "name": "rewardDebt", "type": "uint256" },
      { "internalType": "uint256", "name": "reflectionDebt", "type": "uint256" }
    ],
    "stateMutability": "view",
    "type": "function"
  },
  {
    "inputs": [
      { "internalType": "uint256", "name": "_pid", "type": "uint256" },
      { "internalType": "uint256", "name": "_amount", "type": "uint256" }
    ],
    "name": "withdraw",
    "outputs": [],
    "stateMutability": "payable",
    "type": "function"
  },
  { "stateMutability": "payable", "type": "receive" }
]
