[
  { "inputs": [], "stateMutability": "nonpayable", "type": "constructor" },
  {
    "anonymous": false,
    "inputs": [
      {
        "indexed": false,
        "internalType": "address",
        "name": "tokenRecovered",
        "type": "address"
      },
      {
        "indexed": false,
        "internalType": "uint256",
        "name": "amount",
        "type": "uint256"
      }
    ],
    "name": "AdminTokenRecovered",
    "type": "event"
  },
  {
    "anonymous": false,
    "inputs": [
      {
        "indexed": true,
        "internalType": "address",
        "name": "user",
        "type": "address"
      },
      {
        "indexed": false,
        "internalType": "uint256",
        "name": "stakeType",
        "type": "uint256"
      },
      {
        "indexed": false,
        "internalType": "uint256",
        "name": "amount",
        "type": "uint256"
      }
    ],
    "name": "Deposit",
    "type": "event"
  },
  {
    "anonymous": false,
    "inputs": [
      {
        "indexed": false,
        "internalType": "uint256",
        "name": "_duration",
        "type": "uint256"
      }
    ],
    "name": "DurationUpdated",
    "type": "event"
  },
  {
    "anonymous": false,
    "inputs": [
      {
        "indexed": true,
        "internalType": "address",
        "name": "user",
        "type": "address"
      },
      {
        "indexed": false,
        "internalType": "uint256",
        "name": "amount",
        "type": "uint256"
      }
    ],
    "name": "EmergencyWithdraw",
    "type": "event"
  },
  {
    "anonymous": false,
    "inputs": [
      {
        "indexed": false,
        "internalType": "uint256",
        "name": "blockNumber",
        "type": "uint256"
      }
    ],
    "name": "EndBlockUpdated",
    "type": "event"
  },
  {
    "anonymous": false,
    "inputs": [
      {
        "indexed": false,
        "internalType": "uint8",
        "name": "_type",
        "type": "uint8"
      },
      {
        "indexed": false,
        "internalType": "uint256",
        "name": "_duration",
        "type": "uint256"
      },
      {
        "indexed": false,
        "internalType": "uint256",
        "name": "_fee0",
        "type": "uint256"
      },
      {
        "indexed": false,
        "internalType": "uint256",
        "name": "_fee1",
        "type": "uint256"
      },
      {
        "indexed": false,
        "internalType": "uint256",
        "name": "_rate",
        "type": "uint256"
      }
    ],
    "name": "LockupUpdated",
    "type": "event"
  },
  {
    "anonymous": false,
    "inputs": [
      {
        "indexed": false,
        "internalType": "uint256",
        "name": "startBlock",
        "type": "uint256"
      },
      {
        "indexed": false,
        "internalType": "uint256",
        "name": "endBlock",
        "type": "uint256"
      }
    ],
    "name": "NewStartAndEndBlocks",
    "type": "event"
  },
  {
    "anonymous": false,
    "inputs": [
      {
        "indexed": true,
        "internalType": "address",
        "name": "previousOwner",
        "type": "address"
      },
      {
        "indexed": true,
        "internalType": "address",
        "name": "newOwner",
        "type": "address"
      }
    ],
    "name": "OwnershipTransferred",
    "type": "event"
  },
  {
    "anonymous": false,
    "inputs": [
      {
        "indexed": false,
        "internalType": "uint256",
        "name": "blockNumber",
        "type": "uint256"
      }
    ],
    "name": "RewardsStop",
    "type": "event"
  },
  {
    "anonymous": false,
    "inputs": [
      {
        "indexed": false,
        "internalType": "address",
        "name": "_addr",
        "type": "address"
      },
      {
        "indexed": false,
        "internalType": "uint256",
        "name": "_fee",
        "type": "uint256"
      }
    ],
    "name": "ServiceInfoUpadted",
    "type": "event"
  },
  {
    "anonymous": false,
    "inputs": [
      {
        "indexed": false,
        "internalType": "uint256",
        "name": "_slippageFactor",
        "type": "uint256"
      },
      {
        "indexed": false,
        "internalType": "address",
        "name": "_uniRouter",
        "type": "address"
      },
      {
        "indexed": false,
        "internalType": "address[]",
        "name": "_path0",
        "type": "address[]"
      },
      {
        "indexed": false,
        "internalType": "address[]",
        "name": "_path1",
        "type": "address[]"
      },
      {
        "indexed": false,
        "internalType": "address",
        "name": "_walletA",
        "type": "address"
      }
    ],
    "name": "SetSettings",
    "type": "event"
  },
  {
    "anonymous": false,
    "inputs": [
      {
        "indexed": false,
        "internalType": "uint256",
        "name": "poolLimitPerUser",
        "type": "uint256"
      },
      {
        "indexed": false,
        "internalType": "bool",
        "name": "hasLimit",
        "type": "bool"
      }
    ],
    "name": "UpdatePoolLimit",
    "type": "event"
  },
  {
    "anonymous": false,
    "inputs": [
      {
        "indexed": true,
        "internalType": "address",
        "name": "user",
        "type": "address"
      },
      {
        "indexed": false,
        "internalType": "uint256",
        "name": "stakeType",
        "type": "uint256"
      },
      {
        "indexed": false,
        "internalType": "uint256",
        "name": "amount",
        "type": "uint256"
      }
    ],
    "name": "Withdraw",
    "type": "event"
  },
  {
    "inputs": [],
    "name": "PRECISION_FACTOR",
    "outputs": [{ "internalType": "uint256", "name": "", "type": "uint256" }],
    "stateMutability": "view",
    "type": "function"
  },
  {
    "inputs": [],
    "name": "PRECISION_FACTOR_REFLECTION",
    "outputs": [{ "internalType": "uint256", "name": "", "type": "uint256" }],
    "stateMutability": "view",
    "type": "function"
  },
  {
    "inputs": [],
    "name": "accDividendPerShare",
    "outputs": [{ "internalType": "uint256", "name": "", "type": "uint256" }],
    "stateMutability": "view",
    "type": "function"
  },
  {
    "inputs": [
      { "internalType": "uint256", "name": "_duration", "type": "uint256" },
      { "internalType": "uint256", "name": "_depositFee", "type": "uint256" },
      { "internalType": "uint256", "name": "_withdrawFee", "type": "uint256" },
      { "internalType": "uint256", "name": "_rate", "type": "uint256" },
      {
        "internalType": "uint256",
        "name": "_totalStakedLimit",
        "type": "uint256"
      }
    ],
    "name": "addLockup",
    "outputs": [],
    "stateMutability": "nonpayable",
    "type": "function"
  },
  {
    "inputs": [],
    "name": "availableDividendTokens",
    "outputs": [{ "internalType": "uint256", "name": "", "type": "uint256" }],
    "stateMutability": "view",
    "type": "function"
  },
  {
    "inputs": [],
    "name": "availableRewardTokens",
    "outputs": [{ "internalType": "uint256", "name": "", "type": "uint256" }],
    "stateMutability": "view",
    "type": "function"
  },
  {
    "inputs": [],
    "name": "bonusEndBlock",
    "outputs": [{ "internalType": "uint256", "name": "", "type": "uint256" }],
    "stateMutability": "view",
    "type": "function"
  },
  {
    "inputs": [],
    "name": "buyBackWallet",
    "outputs": [{ "internalType": "address", "name": "", "type": "address" }],
    "stateMutability": "view",
    "type": "function"
  },
  {
    "inputs": [
      { "internalType": "uint8", "name": "_stakeType", "type": "uint8" }
    ],
    "name": "claimDividend",
    "outputs": [],
    "stateMutability": "payable",
    "type": "function"
  },
  {
    "inputs": [
      { "internalType": "uint8", "name": "_stakeType", "type": "uint8" }
    ],
    "name": "claimReward",
    "outputs": [],
    "stateMutability": "payable",
    "type": "function"
  },
  {
    "inputs": [
      { "internalType": "uint8", "name": "_stakeType", "type": "uint8" }
    ],
    "name": "compoundDividend",
    "outputs": [],
    "stateMutability": "payable",
    "type": "function"
  },
  {
    "inputs": [
      { "internalType": "uint8", "name": "_stakeType", "type": "uint8" }
    ],
    "name": "compoundReward",
    "outputs": [],
    "stateMutability": "payable",
    "type": "function"
  },
  {
    "inputs": [
      { "internalType": "uint256", "name": "_amount", "type": "uint256" },
      { "internalType": "uint8", "name": "_stakeType", "type": "uint8" }
    ],
    "name": "deposit",
    "outputs": [],
    "stateMutability": "payable",
    "type": "function"
  },
  {
    "inputs": [
      { "internalType": "uint256", "name": "_amount", "type": "uint256" }
    ],
    "name": "depositRewards",
    "outputs": [],
    "stateMutability": "nonpayable",
    "type": "function"
  },
  {
    "inputs": [],
    "name": "dividendToken",
    "outputs": [{ "internalType": "address", "name": "", "type": "address" }],
    "stateMutability": "view",
    "type": "function"
  },
  {
    "inputs": [],
    "name": "duration",
    "outputs": [{ "internalType": "uint256", "name": "", "type": "uint256" }],
    "stateMutability": "view",
    "type": "function"
  },
  {
    "inputs": [{ "internalType": "uint256", "name": "", "type": "uint256" }],
    "name": "earnedToStakedPath",
    "outputs": [{ "internalType": "address", "name": "", "type": "address" }],
    "stateMutability": "view",
    "type": "function"
  },
  {
    "inputs": [],
    "name": "earnedToken",
    "outputs": [
      { "internalType": "contract IERC20", "name": "", "type": "address" }
    ],
    "stateMutability": "view",
    "type": "function"
  },
  {
    "inputs": [
      { "internalType": "uint256", "name": "_amount", "type": "uint256" }
    ],
    "name": "emergencyRewardWithdraw",
    "outputs": [],
    "stateMutability": "nonpayable",
    "type": "function"
  },
  {
    "inputs": [
      { "internalType": "uint8", "name": "_stakeType", "type": "uint8" }
    ],
    "name": "emergencyWithdraw",
    "outputs": [],
    "stateMutability": "nonpayable",
    "type": "function"
  },
  {
    "inputs": [],
    "name": "harvest",
    "outputs": [],
    "stateMutability": "nonpayable",
    "type": "function"
  },
  {
    "inputs": [],
    "name": "hasUserLimit",
    "outputs": [{ "internalType": "bool", "name": "", "type": "bool" }],
    "stateMutability": "view",
    "type": "function"
  },
  {
    "inputs": [
      { "internalType": "uint8", "name": "_stakeType", "type": "uint8" },
      { "internalType": "uint256", "name": "_amount", "type": "uint256" }
    ],
    "name": "increaseEmissionRate",
    "outputs": [],
    "stateMutability": "nonpayable",
    "type": "function"
  },
  {
    "inputs": [
      {
        "internalType": "contract IERC20",
        "name": "_stakingToken",
        "type": "address"
      },
      {
        "internalType": "contract IERC20",
        "name": "_earnedToken",
        "type": "address"
      },
      {
        "internalType": "address",
        "name": "_dividendToken",
        "type": "address"
      },
      { "internalType": "address", "name": "_uniRouter", "type": "address" },
      {
        "internalType": "address[]",
        "name": "_earnedToStakedPath",
        "type": "address[]"
      },
      {
        "internalType": "address[]",
        "name": "_reflectionToStakedPath",
        "type": "address[]"
      }
    ],
    "name": "initialize",
    "outputs": [],
    "stateMutability": "nonpayable",
    "type": "function"
  },
  {
    "inputs": [],
    "name": "insufficientRewards",
    "outputs": [{ "internalType": "uint256", "name": "", "type": "uint256" }],
    "stateMutability": "view",
    "type": "function"
  },
  {
    "inputs": [],
    "name": "isInitialized",
    "outputs": [{ "internalType": "bool", "name": "", "type": "bool" }],
    "stateMutability": "view",
    "type": "function"
  },
  {
    "inputs": [{ "internalType": "uint256", "name": "", "type": "uint256" }],
    "name": "lockups",
    "outputs": [
      { "internalType": "uint8", "name": "stakeType", "type": "uint8" },
      { "internalType": "uint256", "name": "duration", "type": "uint256" },
      { "internalType": "uint256", "name": "depositFee", "type": "uint256" },
      { "internalType": "uint256", "name": "withdrawFee", "type": "uint256" },
      { "internalType": "uint256", "name": "rate", "type": "uint256" },
      {
        "internalType": "uint256",
        "name": "accTokenPerShare",
        "type": "uint256"
      },
      {
        "internalType": "uint256",
        "name": "lastRewardBlock",
        "type": "uint256"
      },
      { "internalType": "uint256", "name": "totalStaked", "type": "uint256" },
      {
        "internalType": "uint256",
        "name": "totalStakedLimit",
        "type": "uint256"
      }
    ],
    "stateMutability": "view",
    "type": "function"
  },
  {
    "inputs": [],
    "name": "owner",
    "outputs": [{ "internalType": "address", "name": "", "type": "address" }],
    "stateMutability": "view",
    "type": "function"
  },
  {
    "inputs": [
      { "internalType": "address", "name": "_account", "type": "address" },
      { "internalType": "uint8", "name": "_stakeType", "type": "uint8" }
    ],
    "name": "pendingDividends",
    "outputs": [{ "internalType": "uint256", "name": "", "type": "uint256" }],
    "stateMutability": "view",
    "type": "function"
  },
  {
    "inputs": [
      { "internalType": "address", "name": "_account", "type": "address" },
      { "internalType": "uint8", "name": "_stakeType", "type": "uint8" }
    ],
    "name": "pendingReward",
    "outputs": [{ "internalType": "uint256", "name": "", "type": "uint256" }],
    "stateMutability": "view",
    "type": "function"
  },
  {
    "inputs": [],
    "name": "performanceFee",
    "outputs": [{ "internalType": "uint256", "name": "", "type": "uint256" }],
    "stateMutability": "view",
    "type": "function"
  },
  {
    "inputs": [],
    "name": "poolLimitPerUser",
    "outputs": [{ "internalType": "uint256", "name": "", "type": "uint256" }],
    "stateMutability": "view",
    "type": "function"
  },
  {
    "inputs": [
      { "internalType": "address", "name": "_tokenAddress", "type": "address" },
      { "internalType": "uint256", "name": "_tokenAmount", "type": "uint256" }
    ],
    "name": "recoverWrongTokens",
    "outputs": [],
    "stateMutability": "nonpayable",
    "type": "function"
  },
  {
    "inputs": [{ "internalType": "uint256", "name": "", "type": "uint256" }],
    "name": "reflectionToStakedPath",
    "outputs": [{ "internalType": "address", "name": "", "type": "address" }],
    "stateMutability": "view",
    "type": "function"
  },
  {
    "inputs": [],
    "name": "renounceOwnership",
    "outputs": [],
    "stateMutability": "nonpayable",
    "type": "function"
  },
  {
    "inputs": [
      { "internalType": "uint8", "name": "_stakeType", "type": "uint8" }
    ],
    "name": "rewardPerBlock",
    "outputs": [{ "internalType": "uint256", "name": "", "type": "uint256" }],
    "stateMutability": "view",
    "type": "function"
  },
  {
    "inputs": [
      { "internalType": "uint256", "name": "_duration", "type": "uint256" }
    ],
    "name": "setDuration",
    "outputs": [],
    "stateMutability": "nonpayable",
    "type": "function"
  },
  {
    "inputs": [
      { "internalType": "address", "name": "_addr", "type": "address" },
      { "internalType": "uint256", "name": "_fee", "type": "uint256" }
    ],
    "name": "setServiceInfo",
    "outputs": [],
    "stateMutability": "nonpayable",
    "type": "function"
  },
  {
    "inputs": [
      {
        "internalType": "uint256",
        "name": "_slippageFactor",
        "type": "uint256"
      },
      { "internalType": "address", "name": "_uniRouter", "type": "address" },
      {
        "internalType": "address[]",
        "name": "_earnedToStakedPath",
        "type": "address[]"
      },
      {
        "internalType": "address[]",
        "name": "_reflectionToStakedPath",
        "type": "address[]"
      },
      { "internalType": "address", "name": "_feeAddr", "type": "address" }
    ],
    "name": "setSettings",
    "outputs": [],
    "stateMutability": "nonpayable",
    "type": "function"
  },
  {
    "inputs": [],
    "name": "slippageFactor",
    "outputs": [{ "internalType": "uint256", "name": "", "type": "uint256" }],
    "stateMutability": "view",
    "type": "function"
  },
  {
    "inputs": [],
    "name": "slippageFactorUL",
    "outputs": [{ "internalType": "uint256", "name": "", "type": "uint256" }],
    "stateMutability": "view",
    "type": "function"
  },
  {
    "inputs": [],
    "name": "stakingToken",
    "outputs": [
      { "internalType": "contract IERC20", "name": "", "type": "address" }
    ],
    "stateMutability": "view",
    "type": "function"
  },
  {
    "inputs": [],
    "name": "startBlock",
    "outputs": [{ "internalType": "uint256", "name": "", "type": "uint256" }],
    "stateMutability": "view",
    "type": "function"
  },
  {
    "inputs": [],
    "name": "startReward",
    "outputs": [],
    "stateMutability": "nonpayable",
    "type": "function"
  },
  {
    "inputs": [],
    "name": "stopReward",
    "outputs": [],
    "stateMutability": "nonpayable",
    "type": "function"
  },
  {
    "inputs": [],
    "name": "totalStaked",
    "outputs": [{ "internalType": "uint256", "name": "", "type": "uint256" }],
    "stateMutability": "view",
    "type": "function"
  },
  {
    "inputs": [
      { "internalType": "address", "name": "newOwner", "type": "address" }
    ],
    "name": "transferOwnership",
    "outputs": [],
    "stateMutability": "nonpayable",
    "type": "function"
  },
  {
    "inputs": [],
    "name": "uniRouterAddress",
    "outputs": [{ "internalType": "address", "name": "", "type": "address" }],
    "stateMutability": "view",
    "type": "function"
  },
  {
    "inputs": [
      { "internalType": "uint256", "name": "_endBlock", "type": "uint256" }
    ],
    "name": "updateEndBlock",
    "outputs": [],
    "stateMutability": "nonpayable",
    "type": "function"
  },
  {
    "inputs": [
      { "internalType": "uint8", "name": "_stakeType", "type": "uint8" },
      { "internalType": "uint256", "name": "_duration", "type": "uint256" },
      { "internalType": "uint256", "name": "_depositFee", "type": "uint256" },
      { "internalType": "uint256", "name": "_withdrawFee", "type": "uint256" },
      { "internalType": "uint256", "name": "_rate", "type": "uint256" },
      {
        "internalType": "uint256",
        "name": "_totalStakedLimit",
        "type": "uint256"
      }
    ],
    "name": "updateLockup",
    "outputs": [],
    "stateMutability": "nonpayable",
    "type": "function"
  },
  {
    "inputs": [
      { "internalType": "bool", "name": "_hasUserLimit", "type": "bool" },
      {
        "internalType": "uint256",
        "name": "_poolLimitPerUser",
        "type": "uint256"
      }
    ],
    "name": "updatePoolLimitPerUser",
    "outputs": [],
    "stateMutability": "nonpayable",
    "type": "function"
  },
  {
    "inputs": [
      { "internalType": "uint8", "name": "_stakeType", "type": "uint8" },
      { "internalType": "address", "name": "_account", "type": "address" }
    ],
    "name": "userInfo",
    "outputs": [
      { "internalType": "uint256", "name": "amount", "type": "uint256" },
      { "internalType": "uint256", "name": "available", "type": "uint256" },
      { "internalType": "uint256", "name": "locked", "type": "uint256" }
    ],
    "stateMutability": "view",
    "type": "function"
  },
  {
    "inputs": [{ "internalType": "address", "name": "", "type": "address" }],
    "name": "userStaked",
    "outputs": [
      { "internalType": "uint256", "name": "amount", "type": "uint256" },
      { "internalType": "uint256", "name": "locked", "type": "uint256" },
      { "internalType": "uint256", "name": "available", "type": "uint256" }
    ],
    "stateMutability": "view",
    "type": "function"
  },
  {
    "inputs": [
      { "internalType": "address", "name": "", "type": "address" },
      { "internalType": "uint256", "name": "", "type": "uint256" }
    ],
    "name": "userStakes",
    "outputs": [
      { "internalType": "uint8", "name": "stakeType", "type": "uint8" },
      { "internalType": "uint256", "name": "amount", "type": "uint256" },
      { "internalType": "uint256", "name": "duration", "type": "uint256" },
      { "internalType": "uint256", "name": "end", "type": "uint256" },
      { "internalType": "uint256", "name": "rewardDebt", "type": "uint256" },
      { "internalType": "uint256", "name": "reflectionDebt", "type": "uint256" }
    ],
    "stateMutability": "view",
    "type": "function"
  },
  {
    "inputs": [],
    "name": "walletA",
    "outputs": [{ "internalType": "address", "name": "", "type": "address" }],
    "stateMutability": "view",
    "type": "function"
  },
  {
    "inputs": [
      { "internalType": "uint256", "name": "_amount", "type": "uint256" },
      { "internalType": "uint8", "name": "_stakeType", "type": "uint8" }
    ],
    "name": "withdraw",
    "outputs": [],
    "stateMutability": "payable",
    "type": "function"
  },
  { "stateMutability": "payable", "type": "receive" }
]
